-- MySQL dump 10.13  Distrib 8.0.36, for Win64 (x86_64)
--
-- Host: 127.0.0.1    Database: 1401_laravel
-- ------------------------------------------------------
-- Server version	8.0.30

/*!40101 SET @OLD_CHARACTER_SET_CLIENT=@@CHARACTER_SET_CLIENT */;
/*!40101 SET @OLD_CHARACTER_SET_RESULTS=@@CHARACTER_SET_RESULTS */;
/*!40101 SET @OLD_COLLATION_CONNECTION=@@COLLATION_CONNECTION */;
/*!50503 SET NAMES utf8 */;
/*!40103 SET @OLD_TIME_ZONE=@@TIME_ZONE */;
/*!40103 SET TIME_ZONE='+00:00' */;
/*!40014 SET @OLD_UNIQUE_CHECKS=@@UNIQUE_CHECKS, UNIQUE_CHECKS=0 */;
/*!40014 SET @OLD_FOREIGN_KEY_CHECKS=@@FOREIGN_KEY_CHECKS, FOREIGN_KEY_CHECKS=0 */;
/*!40101 SET @OLD_SQL_MODE=@@SQL_MODE, SQL_MODE='NO_AUTO_VALUE_ON_ZERO' */;
/*!40111 SET @OLD_SQL_NOTES=@@SQL_NOTES, SQL_NOTES=0 */;

--
-- Table structure for table `admins`
--

DROP TABLE IF EXISTS `admins`;
/*!40101 SET @saved_cs_client     = @@character_set_client */;
/*!50503 SET character_set_client = utf8mb4 */;
CREATE TABLE `admins` (
  `id` int NOT NULL AUTO_INCREMENT,
  `admin_name` varchar(50) DEFAULT NULL,
  `image` varchar(255) DEFAULT NULL,
  `phone_number` varchar(15) DEFAULT NULL,
  `email` varchar(50) DEFAULT NULL,
  `password` varchar(255) DEFAULT NULL,
  `level` int DEFAULT '0',
  `created_at` timestamp NULL DEFAULT CURRENT_TIMESTAMP,
  `updated_at` timestamp NULL DEFAULT CURRENT_TIMESTAMP,
  `isDeleted` int DEFAULT '0',
  PRIMARY KEY (`id`)
) ENGINE=InnoDB AUTO_INCREMENT=2 DEFAULT CHARSET=utf8mb4 COLLATE=utf8mb4_0900_ai_ci;
/*!40101 SET character_set_client = @saved_cs_client */;

--
-- Dumping data for table `admins`
--

LOCK TABLES `admins` WRITE;
/*!40000 ALTER TABLE `admins` DISABLE KEYS */;
INSERT INTO `admins` VALUES (1,'admin',NULL,'123456789','test@gmail.com','$2y$12$aSJB4NC.S6Lye41XhBbuzuHx6zLU36Uu/jtLFePSR3PINqX8J1dpS',0,'2024-06-11 06:34:38','2024-06-11 06:34:38',0);
/*!40000 ALTER TABLE `admins` ENABLE KEYS */;
UNLOCK TABLES;

--
-- Table structure for table `categories`
--

DROP TABLE IF EXISTS `categories`;
/*!40101 SET @saved_cs_client     = @@character_set_client */;
/*!50503 SET character_set_client = utf8mb4 */;
CREATE TABLE `categories` (
  `id` int NOT NULL AUTO_INCREMENT,
  `category_name` varchar(50) DEFAULT NULL,
  `isDeleted` int DEFAULT '0',
  PRIMARY KEY (`id`)
) ENGINE=InnoDB AUTO_INCREMENT=11 DEFAULT CHARSET=utf8mb4 COLLATE=utf8mb4_0900_ai_ci;
/*!40101 SET character_set_client = @saved_cs_client */;

--
-- Dumping data for table `categories`
--

LOCK TABLES `categories` WRITE;
/*!40000 ALTER TABLE `categories` DISABLE KEYS */;
INSERT INTO `categories` VALUES (1,'Apple',0),(2,'Dell',0),(3,'Asus',0),(4,'HP',0),(5,'Razer',0),(6,'Samsung',0),(7,'MSI',0),(8,'Microsoft',0),(9,'Acer',0),(10,'Lenovo',0);
/*!40000 ALTER TABLE `categories` ENABLE KEYS */;
UNLOCK TABLES;

--
-- Table structure for table `cpus`
--

DROP TABLE IF EXISTS `cpus`;
/*!40101 SET @saved_cs_client     = @@character_set_client */;
/*!50503 SET character_set_client = utf8mb4 */;
CREATE TABLE `cpus` (
  `id` int NOT NULL AUTO_INCREMENT,
  `cpu_name` varchar(50) DEFAULT NULL,
  `isDeleted` int DEFAULT '0',
  PRIMARY KEY (`id`)
) ENGINE=InnoDB AUTO_INCREMENT=13 DEFAULT CHARSET=utf8mb4 COLLATE=utf8mb4_0900_ai_ci;
/*!40101 SET character_set_client = @saved_cs_client */;

--
-- Dumping data for table `cpus`
--

LOCK TABLES `cpus` WRITE;
/*!40000 ALTER TABLE `cpus` DISABLE KEYS */;
INSERT INTO `cpus` VALUES (1,'Intel Core i3',0),(2,'Intel Core i5',0),(3,'Intel Core i7',0),(4,'Intel Core i9',0),(5,'Intel Xeon',0),(6,'Intel Pentium',0),(7,'Intel Celeron',0),(8,'Apple Silicon M1',0),(9,'Apple Silicon M1 Pro',0),(10,'Apple Silicon M1 Max',0),(11,'Qualcomm Snapdragon',0),(12,'Samsung Exynos',0);
/*!40000 ALTER TABLE `cpus` ENABLE KEYS */;
UNLOCK TABLES;

--
-- Table structure for table `customers`
--

DROP TABLE IF EXISTS `customers`;
/*!40101 SET @saved_cs_client     = @@character_set_client */;
/*!50503 SET character_set_client = utf8mb4 */;
CREATE TABLE `customers` (
  `id` int NOT NULL AUTO_INCREMENT,
  `customer_name` varchar(50) DEFAULT NULL,
  `image` varchar(255) DEFAULT NULL,
  `phone_number` varchar(15) DEFAULT NULL,
  `address` varchar(255) DEFAULT NULL,
  `email` varchar(50) DEFAULT NULL,
  `password` varchar(255) DEFAULT NULL,
  `created_at` timestamp NULL DEFAULT CURRENT_TIMESTAMP,
  `updated_at` timestamp NULL DEFAULT CURRENT_TIMESTAMP,
  `isDeleted` int DEFAULT '0',
  PRIMARY KEY (`id`)
) ENGINE=InnoDB AUTO_INCREMENT=2 DEFAULT CHARSET=utf8mb4 COLLATE=utf8mb4_0900_ai_ci;
/*!40101 SET character_set_client = @saved_cs_client */;

--
-- Dumping data for table `customers`
--

LOCK TABLES `customers` WRITE;
/*!40000 ALTER TABLE `customers` DISABLE KEYS */;
INSERT INTO `customers` VALUES (1,'binhs',NULL,'1234567890','Hanoi','test@gmail.com','$2y$12$xehq3nLV6P2atZfIQTM4R./e9WsKlKzFXVhvMa9LyBsm4Z4UE7TSe','2024-06-11 07:13:09','2024-06-11 07:13:09',0);
/*!40000 ALTER TABLE `customers` ENABLE KEYS */;
UNLOCK TABLES;

--
-- Table structure for table `imeis`
--

DROP TABLE IF EXISTS `imeis`;
/*!40101 SET @saved_cs_client     = @@character_set_client */;
/*!50503 SET character_set_client = utf8mb4 */;
CREATE TABLE `imeis` (
  `product_id` int DEFAULT NULL,
  `imei_number` int DEFAULT NULL,
  `isDeleted` int DEFAULT '0',
  KEY `fk_imeis_products` (`product_id`),
  CONSTRAINT `fk_imeis_products` FOREIGN KEY (`product_id`) REFERENCES `products` (`id`)
) ENGINE=InnoDB DEFAULT CHARSET=utf8mb4 COLLATE=utf8mb4_0900_ai_ci;
/*!40101 SET character_set_client = @saved_cs_client */;

--
-- Dumping data for table `imeis`
--

LOCK TABLES `imeis` WRITE;
/*!40000 ALTER TABLE `imeis` DISABLE KEYS */;
INSERT INTO `imeis` VALUES (4,135651123,0),(4,937303227,0),(4,669784386,0),(4,880295840,0),(4,391658486,0),(4,601453695,0),(4,963805970,0),(4,415103479,0),(4,574526120,0),(4,346925829,0),(4,207747860,0),(4,107182407,0),(4,376577280,0),(4,220907642,0),(4,262348949,0),(4,659365411,0),(4,505327455,0),(4,879340643,0),(4,496797316,0),(4,180119781,0),(4,730003775,0),(4,599855913,0),(6,290204412,0),(6,419300065,0),(6,738547171,0),(6,723684096,0),(6,220198046,0),(6,974702795,0),(6,897706985,0),(6,559737146,0),(6,603067446,0),(6,279884395,0),(4,293976040,0),(3,882263070,0),(3,546300802,0),(3,848860426,0),(3,472495755,0),(3,340966736,0),(3,355668042,0),(3,766844361,0),(3,488330610,0),(3,699913260,0),(3,230995987,0),(3,396740671,0),(3,210826707,0),(3,383551982,0),(3,524699817,0),(3,646790495,0),(3,156419417,0),(3,383582135,0),(3,917113338,0),(3,736859674,0),(3,548412085,0),(3,814618302,0),(3,111686243,0),(3,764364845,0),(3,692215669,0),(3,466270438,0),(3,222725739,0),(3,123284787,0),(3,572023186,0),(3,887223954,0),(3,860148057,0),(3,512667351,0),(3,740208308,0),(3,750667944,0),(3,954952910,0),(3,131840880,0),(3,583711701,0),(3,720415027,0),(3,153071081,0),(3,530687229,0),(3,139612479,0),(3,371346633,0),(3,789918794,0),(3,917695781,0),(3,939667931,0),(3,532961951,0),(3,948438970,0),(3,329398163,0),(3,101127900,0),(3,399975325,0),(3,974152424,0),(3,446902604,0),(3,172063270,0),(3,675802032,0),(3,679524881,0),(3,302155792,0),(3,864266453,0),(3,563849531,0),(3,614807489,0),(3,920659751,0),(3,490065544,0),(3,132375144,0),(3,290160137,0),(3,748076453,0),(3,527757036,0),(3,417587023,0),(3,496493275,0),(3,353003983,0),(3,765398015,0),(3,354706314,0),(3,589774846,0),(3,421353385,0),(3,869907148,0),(3,415770670,0),(3,158740235,0),(3,472469952,0),(3,741552111,0),(3,798098640,0),(3,621743553,0),(3,599355479,0),(3,184829954,0),(3,281708314,0),(3,954466253,0),(3,893076106,0),(3,917026282,0),(3,549534148,0),(3,719823284,0),(3,419875140,0),(3,228170206,0),(3,161432326,0),(3,734802286,0),(3,317728697,0),(3,918866324,0),(3,909027848,0),(3,947446643,0),(3,153313144,0),(3,206674686,0),(3,422252932,0),(3,586051449,0),(3,943949971,0),(3,155309421,0),(3,779535009,0),(3,495009567,0),(3,346884444,0),(3,230046386,0),(3,452446992,0),(3,490054899,0),(3,380053826,0),(3,466807213,0),(3,184077696,0),(3,904947708,0),(3,946849080,0),(3,386301581,0),(3,584612982,0),(3,360511299,0),(3,136503051,0),(3,415271678,0),(3,246855517,0),(3,460191390,0),(3,203237359,0),(3,833682032,0),(3,536354179,0),(3,199607807,0),(3,655670694,0),(3,321453326,0),(3,409985663,0),(3,772444521,0),(3,669144392,0),(3,464921629,0),(3,826701754,0),(3,448423861,0),(3,571441982,0),(3,705449713,0),(3,646282877,0),(3,376723436,0),(3,137145712,0),(3,870251994,0),(3,391849419,0),(3,987013433,0),(3,805138870,0),(3,687405208,0),(3,347845098,0),(3,724541999,0),(3,306113130,0),(3,314379441,0),(3,972630440,0),(3,410400237,0),(3,675557262,0),(3,698763836,0),(3,565424985,0),(3,268302161,0),(3,876195945,0),(3,433846415,0),(3,466084914,0),(3,437118563,0),(3,600098584,0),(3,396416045,0),(3,568464094,0),(3,421353131,0),(3,112636001,0),(3,958229546,0),(3,772453038,0),(3,245769626,0),(3,771309725,0),(3,444760928,0),(3,632038674,0),(3,345258685,0),(3,601158230,0),(3,156940999,0),(3,189629252,0),(3,672297589,0),(3,912703338,0),(3,276880610,0),(3,877887843,0),(3,930821541,0),(3,984012809,0),(3,586669370,0),(3,233860959,0),(3,397578001,0),(3,681669700,0),(3,386072553,0),(3,522949791,0),(3,846977942,0),(3,684169401,0),(3,138341846,0),(3,753176564,0),(3,598265731,0),(3,725621590,0),(3,712642170,0),(3,124239943,0),(3,999783179,0),(3,428545856,0),(3,924441399,0),(3,534664664,0),(3,623081697,0),(3,128906715,0),(3,527869510,0),(3,491718726,0),(3,100887347,0),(3,424655462,0),(3,321420275,0),(3,343370441,0),(3,326012581,0),(3,238452015,0),(3,675399525,0),(3,521236291,0),(3,600619516,0),(3,184279832,0),(3,579150452,0),(3,971750735,0),(3,737877395,0),(3,645257265,0),(3,713024468,0),(3,460918186,0),(3,892545659,0),(3,192262162,0),(3,802183359,0),(3,415878424,0),(3,655284017,0),(3,331846532,0),(3,498622809,0),(3,756386601,0),(3,997985427,0),(3,457074552,0),(3,851040277,0),(3,743882390,0),(3,325378700,0),(3,568516043,0),(3,893666253,0),(3,860130285,0),(3,747565847,0),(3,792217382,0),(3,578185913,0),(3,582136323,0),(3,657320632,0),(3,598525254,0),(3,111585736,0),(3,938123800,0),(3,888805358,0),(3,131351428,0),(3,144761206,0),(3,143400891,0),(3,724071317,0),(3,493112438,0),(3,783413862,0),(3,537100765,0),(3,169306643,0),(3,537146123,0),(3,536599487,0),(3,517905772,0),(3,488176857,0),(3,785249718,0),(3,660525537,0),(3,719938227,0),(3,303760371,0),(3,729801273,0),(3,980338360,0),(3,529680105,0),(3,299716510,0),(3,249173533,0),(3,686625662,0),(3,566535126,0),(3,617996129,0),(3,698874850,0),(3,487238726,0),(3,321144527,0),(3,801450281,0),(3,694935539,0),(3,184301926,0),(3,829326817,0),(3,323318453,0),(3,242645117,0),(3,125319958,0),(3,325191848,0),(3,462383350,0),(3,476170775,0),(3,259263436,0),(3,186804697,0),(3,483635770,0),(3,626139565,0),(3,987717555,0),(3,774943732,0),(3,472808278,0),(3,362994541,0),(3,721548172,0),(3,800017594,0),(3,684742205,0),(3,956833096,0),(3,502140928,0),(3,626058444,0),(3,866539327,0),(3,318810155,0),(3,769269922,0),(3,385896427,0),(3,768366366,0),(3,722510793,0),(3,998783171,0),(3,483642822,0),(3,361795248,0),(3,634175127,0),(3,600990228,0),(3,496306381,0),(3,584618221,0),(3,263534065,0),(3,133128948,0),(3,109457441,0),(3,353441557,0),(3,760485392,0),(3,248183496,0),(3,154501022,0),(3,839639217,0),(3,116015466,0),(3,652113190,0),(3,499668364,0),(3,117121460,0),(3,166081080,0),(3,682109836,0),(3,370319819,0),(3,290058964,0),(3,416887754,0),(3,116888936,0),(3,666594402,0),(3,720509137,0),(3,449823429,0),(3,681178482,0),(3,670864075,0),(3,860605154,0),(3,148414962,0),(3,373338939,0),(3,811076395,0),(3,728199306,0),(3,114040847,0),(3,766199765,0),(3,505967111,0),(3,440715614,0),(3,127651838,0),(3,247501860,0),(3,707795349,0),(3,180068526,0),(3,596598584,0),(3,864622387,0),(3,552744245,0),(3,892241598,0),(3,136625250,0),(3,388726918,0),(3,384341135,0),(3,254958640,0),(3,649982528,0),(3,950108050,0),(3,860590016,0),(3,113256023,0),(3,437394780,0),(3,866828394,0),(3,245280135,0),(3,612946170,0),(3,436011242,0),(3,928042067,0),(3,614744364,0),(3,256202887,0),(3,865017559,0),(3,550600097,0),(3,341035130,0),(3,588957541,0),(3,539387753,0),(3,396239088,0),(3,639271536,0),(3,492458704,0),(3,919886478,0),(3,244764053,0),(3,379294680,0),(3,534269894,0),(3,718677416,0),(3,376281264,0),(3,566162899,0),(3,973291704,0),(3,988792785,0),(3,295606409,0),(3,218493976,0),(3,835243563,0),(3,347508355,0),(3,424865755,0),(3,658873164,0),(3,663301446,0),(3,710074059,0),(3,526464858,0),(3,353513427,0),(3,777760091,0),(3,943140992,0),(3,777168770,0),(3,687019159,0),(3,972949733,0),(3,946466556,0),(3,225894007,0),(3,174058399,0),(3,394903696,0),(3,397864161,0),(3,113767095,0),(3,270990936,0),(3,971715995,0),(3,122755889,0),(3,172017370,0),(3,505630463,0),(3,164514894,0),(3,979128804,0),(3,914891062,0),(3,742240551,0),(3,726642492,0),(3,717206514,0),(3,926741022,0),(3,484539617,0),(3,895280595,0),(3,737158604,0),(3,880422471,0),(3,291335157,0),(3,944003006,0),(3,807618931,0),(3,411300956,0),(3,227861115,0),(3,493480617,0),(3,476904311,0),(3,561476514,0),(3,890071247,0),(3,766504441,0),(3,990066339,0),(3,883826271,0),(3,562334082,0),(3,439161393,0),(3,492313147,0),(3,253226262,0),(3,448513846,0),(3,697785874,0),(3,420730017,0),(3,106294855,0),(3,244803302,0),(3,120128701,0),(3,335083597,0),(3,353091244,0),(3,234209995,0),(3,532316555,0),(3,812929047,0),(3,826645994,0),(3,112710294,0),(3,701845787,0),(3,821078348,0),(3,831425892,0),(3,844634326,0),(3,569406336,0),(3,121529736,0),(3,569185646,0),(3,108932043,0),(3,606476867,0),(3,670651425,0),(3,491906143,0),(3,816792209,0),(3,863880147,0),(3,344984747,0),(3,454190784,0),(3,525953765,0),(3,502101020,0),(3,432211400,0),(3,830381954,0),(3,326584956,0),(3,148222853,0),(3,858988496,0),(3,119216994,0),(3,581363438,0),(3,208011488,0),(3,772671695,0),(3,971706897,0),(3,853527348,0),(3,654787679,0),(3,402475928,0),(3,205780148,0),(3,195695680,0),(3,935369966,0),(3,666681361,0),(3,529023357,0),(3,662123987,0),(3,246730318,0),(3,513469789,0),(3,611390079,0),(3,924855544,0),(3,349365968,0),(3,934858556,0),(3,591648868,0),(3,974832813,0),(3,268004987,0),(3,498412422,0),(3,363769140,0),(3,488208373,0),(3,466918269,0),(3,198990556,0),(3,563168527,0),(3,258602573,0),(3,370336457,0),(3,466856595,0),(3,365491715,0),(3,496945985,0),(3,345324498,0),(3,268847121,0),(3,828409695,0),(3,596847815,0),(3,466144195,0),(3,363749697,0),(3,595699945,0),(3,160918747,0),(3,283287154,0),(3,306518146,0),(3,947713810,0),(3,116053973,0),(3,115434591,0),(3,335334232,0),(3,957926196,0),(3,241923057,0),(3,891368531,0),(3,811843092,0),(3,248816064,0),(3,802048420,0),(3,498642661,0),(3,638030486,0),(3,244724521,0),(3,274028697,0),(3,887713497,0),(3,658947789,0),(3,458641440,0),(3,246032296,0),(3,481645780,0),(3,294818167,0),(3,803571703,0),(3,855468861,0),(3,244175544,0),(3,123360447,0),(3,111952668,0),(3,391568398,0),(3,601327002,0),(3,803932884,0),(3,484268258,0),(3,381430380,0),(3,460499509,0),(3,375050191,0),(3,843482712,0),(3,747345414,0),(3,732909135,0),(3,913771290,0),(3,609688202,0),(3,563802805,0),(3,521157973,0),(3,821936289,0),(3,378683817,0),(3,695131448,0),(3,513292423,0),(3,551300100,0),(3,340100356,0),(3,984230507,0),(3,982152394,0),(3,625165328,0),(3,852001644,0),(3,627451572,0),(3,475246350,0),(3,530720930,0),(3,432155066,0),(3,910723389,0),(3,735358362,0),(3,684936304,0),(3,523953928,0),(3,768153337,0),(3,720074314,0),(3,568683038,0),(3,484776822,0),(3,789915895,0),(3,749589421,0),(3,719580636,0),(3,533619278,0),(3,514678709,0),(3,812798002,0),(3,405763813,0),(3,619783490,0),(3,302195036,0),(3,734001570,0),(3,309074819,0),(3,849533745,0),(3,209588487,0),(3,949041256,0),(3,515834781,0),(3,925144416,0),(3,750088184,0),(3,449399013,0),(3,466561282,0),(3,132276669,0),(3,309504523,0),(3,969153923,0),(3,582946521,0),(3,796316103,0),(3,670508140,0),(3,727660794,0),(3,719412829,0),(3,146097948,0),(3,400544696,0),(3,240683119,0),(3,224827063,0),(3,113628893,0),(3,963345717,0),(3,453104560,0),(3,180328099,0),(3,333568048,0),(3,633127639,0),(3,485147497,0),(3,941033734,0),(3,772677555,0),(3,210612771,0),(3,491121677,0),(3,967668262,0),(3,856403315,0),(3,707910899,0),(3,381107143,0),(3,362951040,0),(3,226941790,0),(3,800291429,0),(3,758202801,0),(3,473970357,0),(3,976486282,0),(3,930609024,0),(3,261467718,0),(3,691123167,0),(3,143843682,0),(3,862520070,0),(3,127516800,0),(3,750468234,0),(3,885603889,0),(3,795900483,0),(3,184583325,0),(3,417229227,0),(3,893503105,0),(3,712131166,0),(3,203840366,0),(3,148577487,0),(3,259274836,0),(3,625083713,0),(3,360317641,0),(3,640720864,0),(3,254668562,0),(3,912898055,0),(3,191904027,0),(3,192229927,0),(3,857541130,0),(3,534030057,0),(3,609825313,0),(3,539912945,0),(3,321546141,0),(3,868980378,0),(3,705963737,0),(3,762261042,0),(3,447197275,0),(3,230317848,0),(3,404215521,0),(3,544719565,0),(3,628130418,0),(3,975835869,0),(3,269395645,0),(3,439013878,0),(3,642851071,0),(3,244765246,0),(3,402924561,0),(3,967777475,0),(3,298226109,0),(3,278774465,0),(3,103359484,0),(3,571912994,0),(3,452893863,0),(3,585029875,0),(3,350442186,0),(3,223580369,0),(3,243683896,0),(3,809863152,0),(3,171037129,0),(3,424145717,0),(3,163450840,0),(3,954943539,0),(3,117610798,0),(3,251048611,0),(3,561773147,0),(3,414017130,0),(3,869046972,0),(3,758206718,0),(3,271500283,0),(3,672491430,0),(3,743631527,0),(3,622616356,0),(3,145622896,0),(3,278139412,0),(3,198867237,0),(3,894022160,0),(3,402187484,0),(3,621371886,0),(3,551950364,0),(3,100178729,0),(3,292742548,0),(3,728601274,0),(3,562906226,0),(3,357210165,0),(3,451357303,0),(3,115176371,0),(3,117689733,0),(3,534363925,0),(3,297502774,0),(3,107808165,0),(3,370004123,0),(3,295098064,0),(3,837842739,0),(3,124705865,0),(3,533431581,0),(3,286364953,0),(3,826878960,0),(3,367225516,0),(3,812098525,0),(3,880037986,0),(3,608848675,0),(3,242300323,0),(3,632663343,0),(3,287462542,0),(3,926905812,0),(3,581697378,0),(3,415926606,0),(3,388263200,0),(3,832990878,0),(3,333697646,0),(3,517806330,0),(3,580203270,0),(3,352466085,0),(3,889586883,0),(3,693525932,0),(3,772008505,0),(3,292810817,0),(3,694651685,0),(3,648394732,0),(3,504784601,0),(3,996601016,0),(3,111375360,0),(3,444936492,0),(3,693241272,0),(3,690826827,0),(3,790918069,0),(3,194170727,0),(3,858076837,0),(3,359206494,0),(3,471710879,0),(3,707300841,0),(3,378226306,0),(3,623213962,0),(3,953906371,0),(3,608469378,0),(3,256849960,0),(3,988048265,0),(3,542454114,0),(3,241230297,0),(3,803535401,0),(3,515664720,0),(3,319685328,0),(3,928325887,0),(3,628300980,0),(3,426107728,0),(3,669019768,0),(3,878161285,0),(3,587311419,0),(3,183758182,0),(3,643321233,0),(3,713326543,0),(3,882479937,0),(3,642561581,0),(3,271517950,0),(3,259443881,0),(3,952437512,0),(3,699474922,0),(3,534159061,0),(3,941507995,0),(3,800952262,0),(3,888026229,0),(3,338940362,0),(3,309653223,0),(3,627244680,0),(3,386168202,0),(3,564567787,0),(3,238397681,0),(3,889342468,0),(3,334537435,0),(3,686752941,0),(3,502370747,0),(3,647496309,0),(3,263335426,0),(3,181374759,0),(3,885147862,0),(3,760943047,0),(3,501633240,0),(3,968687918,0),(3,437468722,0),(3,392545881,0),(3,455129625,0),(3,190738003,0),(3,280199149,0),(3,692122566,0),(3,231126991,0),(3,164769876,0),(3,200454068,0),(3,497338904,0),(3,155135715,0),(3,453621831,0),(3,649905612,0),(3,428875976,0),(3,658598375,0),(3,500731011,0),(3,689067489,0),(3,665958341,0),(3,355871936,0),(3,777298599,0),(3,959656204,0),(3,397330643,0),(3,490430578,0),(3,737827026,0),(3,580327443,0),(3,313394437,0),(3,944786955,0),(3,952776479,0),(3,596690078,0),(3,884481251,0),(3,439472655,0),(3,373170194,0),(3,390574514,0),(3,702426961,0),(3,482502541,0),(3,842346059,0),(3,347841489,0),(3,630418501,0),(3,185891881,0),(3,456403598,0),(3,607300294,0),(3,929010488,0),(3,220418268,0),(3,866158508,0),(3,435152091,0),(3,340572259,0),(3,638443241,0),(3,348442844,0),(3,966175101,0),(3,910864130,0),(3,584547697,0),(3,901516588,0),(3,579141721,0),(3,129063323,0),(3,629039760,0),(3,484309677,0),(3,737070137,0),(3,634243665,0),(3,493986293,0),(3,746967052,0),(3,365239108,0),(3,811185460,0),(3,497433065,0),(3,628656138,0),(3,879372017,0),(3,324568243,0),(3,158403308,0),(3,876036995,0),(3,986780048,0),(3,192123194,0),(3,548856174,0),(3,877246154,0),(3,189797614,0),(3,395983578,0),(3,102761162,0),(3,409465964,0),(3,842149161,0),(3,181983126,0),(3,350798836,0),(3,856330868,0),(3,660487594,0),(3,346848810,0),(3,773033627,0),(3,738061570,0),(3,214146382,0),(3,500728859,0),(3,766070114,0),(3,827810113,0),(3,199447477,0),(3,301982410,0),(3,184132026,0),(3,427445027,0),(3,210495460,0),(3,159816096,0),(3,586442982,0),(3,214769991,0),(3,892139226,0),(3,170102497,0),(3,852579052,0),(3,921991155,0),(3,388480372,0),(3,991863395,0),(3,391670164,0),(3,108583788,0),(3,458877048,0),(3,861448579,0),(3,497344615,0),(3,800792550,0),(3,823045358,0),(3,222446732,0),(3,762094011,0),(3,790796339,0),(3,977679450,0),(3,251169593,0),(3,975611929,0),(3,404601079,0),(3,286948413,0),(3,852638498,0),(3,280747291,0),(3,958844149,0),(3,928957406,0),(3,196082121,0),(3,611511439,0),(3,386524969,0),(3,615917307,0),(3,533687437,0),(3,104024452,0),(3,537122776,0),(3,384009598,0),(3,101772149,0),(3,789474043,0),(3,953027746,0),(3,555006709,0),(3,180514123,0),(3,799292437,0),(3,161711862,0),(3,997194138,0),(3,246563698,0),(3,587941884,0),(3,840115949,0),(3,178461388,0),(3,300890857,0),(3,404283107,0),(3,180971388,0),(3,514516186,0),(3,802390114,0),(3,997476588,0),(3,525549089,0),(3,628082912,0),(3,322118813,0),(3,498178503,0),(3,743206955,0),(3,625543127,0),(3,875013846,0),(3,117469764,0),(3,410631650,0),(3,811552819,0),(3,289543172,0),(3,481294106,0),(3,936426025,0),(3,504406286,0),(3,463652859,0),(3,435092171,0),(3,535680046,0),(3,545938091,0),(3,664439244,0),(3,270093507,0),(3,752816043,0),(3,522068086,0),(3,553601935,0),(3,640365830,0),(3,433644542,0),(3,401396838,0),(3,691179854,0),(3,825558740,0),(3,572938587,0),(3,333505415,0),(3,316635959,0),(3,979210706,0),(3,434379672,0),(3,691599460,0),(3,160707539,0),(3,960626519,0),(3,676853830,0),(3,904126860,0),(3,646267766,0),(3,752840667,0),(3,321012216,0),(3,215575377,0),(3,164455240,0),(3,767131039,0),(3,677107337,0),(3,154199253,0),(3,342740210,0),(3,583252000,0),(3,691816256,0),(3,343415493,0),(3,525960247,0),(3,536069262,0),(3,560248363,0),(3,674619558,0),(3,206336137,0),(3,412181988,0),(3,373578700,0),(3,130474807,0),(3,515852668,0),(3,508978772,0),(3,803846958,0),(3,233790920,0),(3,967696156,0),(3,205426124,0),(3,206786940,0),(3,352408607,0),(3,196769863,0),(3,145287101,0),(3,272739974,0),(3,748321414,0),(3,815951621,0),(3,206415990,0),(3,395730673,0),(3,471221988,0),(3,784578875,0),(3,122358474,0),(3,713774757,0),(3,697560760,0),(3,725093871,0),(3,801815758,0),(3,844072785,0),(3,902244011,0),(3,177790083,0),(3,621485132,0),(3,966941494,0),(3,128268936,0),(3,822854198,0),(3,558570436,0),(3,476051838,0),(3,454504002,0),(3,292002236,0),(3,969952180,0),(3,890600870,0),(3,651902242,0),(3,800262093,0),(3,518547704,0),(3,106526144,0),(3,884991992,0),(3,293218361,0),(3,563519550,0),(3,841337567,0),(3,361647680,0),(3,334390335,0),(3,906378003,0),(3,963519887,0),(3,850217322,0),(3,929468741,0),(3,114691258,0),(3,538406321,0),(3,339213838,0),(3,968612667,0),(3,687178238,0),(3,693495357,0),(3,642952532,0),(3,462083077,0),(3,854815402,0),(3,488370952,0),(3,305821395,0),(3,237650906,0),(3,264099161,0),(3,954324683,0),(3,834355669,0),(3,379150281,0),(3,379047133,0),(3,802377263,0),(3,611086638,0),(3,213840267,0),(3,325639867,0),(3,299235985,0),(3,213667628,0),(3,963005065,0),(3,226597419,0),(3,514528753,0),(3,709580872,0),(3,972569823,0),(3,464201466,0),(3,632733241,0),(3,855334590,0),(3,929112528,0),(3,205621352,0),(3,295355458,0),(3,479166056,0),(3,277861682,0),(3,559265179,0),(3,955562932,0),(3,649467049,0),(3,331183278,0),(3,940790596,0),(3,294948529,0),(3,193304826,0),(3,467645788,0),(3,663268917,0),(3,698515669,0),(3,385556826,0),(3,326781255,0),(3,441606365,0),(3,570687446,0),(3,609014460,0),(3,723434126,0),(3,817931121,0);
/*!40000 ALTER TABLE `imeis` ENABLE KEYS */;
UNLOCK TABLES;

--
-- Table structure for table `order_detail`
--

DROP TABLE IF EXISTS `order_detail`;
/*!40101 SET @saved_cs_client     = @@character_set_client */;
/*!50503 SET character_set_client = utf8mb4 */;
CREATE TABLE `order_detail` (
  `order_id` int DEFAULT NULL,
  `product_id` int DEFAULT NULL,
  `quantity` int DEFAULT NULL,
  KEY `fk_order_detail_orders` (`order_id`),
  KEY `fk_order_detail_products` (`product_id`),
  CONSTRAINT `fk_order_detail_orders` FOREIGN KEY (`order_id`) REFERENCES `orders` (`id`),
  CONSTRAINT `fk_order_detail_products` FOREIGN KEY (`product_id`) REFERENCES `products` (`id`)
) ENGINE=InnoDB DEFAULT CHARSET=utf8mb4 COLLATE=utf8mb4_0900_ai_ci;
/*!40101 SET character_set_client = @saved_cs_client */;

--
-- Dumping data for table `order_detail`
--

LOCK TABLES `order_detail` WRITE;
/*!40000 ALTER TABLE `order_detail` DISABLE KEYS */;
INSERT INTO `order_detail` VALUES (1,4,12),(2,4,10),(4,6,10),(5,4,1),(5,3,100),(6,3,200),(7,3,300),(8,3,500);
/*!40000 ALTER TABLE `order_detail` ENABLE KEYS */;
UNLOCK TABLES;

--
-- Table structure for table `orders`
--

DROP TABLE IF EXISTS `orders`;
/*!40101 SET @saved_cs_client     = @@character_set_client */;
/*!50503 SET character_set_client = utf8mb4 */;
CREATE TABLE `orders` (
  `id` int NOT NULL AUTO_INCREMENT,
  `receiver_name` varchar(255) DEFAULT NULL,
  `receiver_address` varchar(255) DEFAULT NULL,
  `receiver_phone` varchar(20) DEFAULT NULL,
  `receiver_mail` varchar(255) DEFAULT NULL,
  `customer_id` int DEFAULT NULL,
  `payment_id` int DEFAULT NULL,
  `status` int DEFAULT '1',
  `order_date` timestamp NULL DEFAULT CURRENT_TIMESTAMP,
  `total_amount` decimal(10,2) DEFAULT NULL,
  `isDeleted` int DEFAULT '0',
  PRIMARY KEY (`id`),
  KEY `fk_orders_customers` (`customer_id`),
  KEY `fk_orders_payment_methods` (`payment_id`),
  CONSTRAINT `fk_orders_customers` FOREIGN KEY (`customer_id`) REFERENCES `customers` (`id`),
  CONSTRAINT `fk_orders_payment_methods` FOREIGN KEY (`payment_id`) REFERENCES `payment_methods` (`id`)
) ENGINE=InnoDB AUTO_INCREMENT=9 DEFAULT CHARSET=utf8mb4 COLLATE=utf8mb4_0900_ai_ci;
/*!40101 SET character_set_client = @saved_cs_client */;

--
-- Dumping data for table `orders`
--

LOCK TABLES `orders` WRITE;
/*!40000 ALTER TABLE `orders` DISABLE KEYS */;
INSERT INTO `orders` VALUES (1,'tester','Ha Noi','12345789','test@gmail.com',1,NULL,5,'2024-06-11 07:13:38',2400.00,0),(2,'binhs','Hanoi','1234567890','test@gmail.com',1,NULL,0,'2024-06-11 08:21:40',2000.00,0),(4,'binhs','Hanoi','1234567890','test@gmail.com',1,NULL,5,'2024-06-12 08:55:52',12220.00,0),(5,'binhs','Hanoi','1234567890','test@gmail.com',1,NULL,5,'2024-06-10 09:37:40',60200.00,0),(6,'binhs','Hanoi','1234567890','test@gmail.com',1,NULL,5,'2024-06-13 09:38:48',120000.00,0),(7,'binhs','Hanoi','1234567890','test@gmail.com',1,NULL,2,'2024-05-11 09:39:49',180000.00,0),(8,'binhs','Hanoi','1234567890','test@gmail.com',1,NULL,5,'2023-06-11 09:41:20',300000.00,0);
/*!40000 ALTER TABLE `orders` ENABLE KEYS */;
UNLOCK TABLES;

--
-- Table structure for table `payment_methods`
--

DROP TABLE IF EXISTS `payment_methods`;
/*!40101 SET @saved_cs_client     = @@character_set_client */;
/*!50503 SET character_set_client = utf8mb4 */;
CREATE TABLE `payment_methods` (
  `id` int NOT NULL AUTO_INCREMENT,
  `method_name` varchar(50) DEFAULT NULL,
  `isDeleted` int DEFAULT '0',
  PRIMARY KEY (`id`)
) ENGINE=InnoDB DEFAULT CHARSET=utf8mb4 COLLATE=utf8mb4_0900_ai_ci;
/*!40101 SET character_set_client = @saved_cs_client */;

--
-- Dumping data for table `payment_methods`
--

LOCK TABLES `payment_methods` WRITE;
/*!40000 ALTER TABLE `payment_methods` DISABLE KEYS */;
/*!40000 ALTER TABLE `payment_methods` ENABLE KEYS */;
UNLOCK TABLES;

--
-- Table structure for table `products`
--

DROP TABLE IF EXISTS `products`;
/*!40101 SET @saved_cs_client     = @@character_set_client */;
/*!50503 SET character_set_client = utf8mb4 */;
CREATE TABLE `products` (
  `id` int NOT NULL AUTO_INCREMENT,
  `product_name` varchar(50) DEFAULT NULL,
  `image` varchar(255) DEFAULT NULL,
  `selling_price` int DEFAULT NULL,
  `quantity` int DEFAULT NULL,
  `category_id` int DEFAULT NULL,
  `cpu_id` int DEFAULT NULL,
  `ram_id` int DEFAULT NULL,
  `ssd_id` int DEFAULT NULL,
  `screen_id` int DEFAULT NULL,
  `feature` int DEFAULT NULL,
  `pro_desc` text,
  `isDeleted` int DEFAULT '0',
  `created_at` timestamp NULL DEFAULT CURRENT_TIMESTAMP,
  `updated_at` timestamp NULL DEFAULT CURRENT_TIMESTAMP,
  PRIMARY KEY (`id`),
  KEY `fk_products_categories` (`category_id`),
  KEY `fk_products_cpus` (`cpu_id`),
  KEY `fk_products_rams` (`ram_id`),
  KEY `fk_products_ssds` (`ssd_id`),
  KEY `fk_products_screens` (`screen_id`),
  CONSTRAINT `fk_products_categories` FOREIGN KEY (`category_id`) REFERENCES `categories` (`id`),
  CONSTRAINT `fk_products_cpus` FOREIGN KEY (`cpu_id`) REFERENCES `cpus` (`id`),
  CONSTRAINT `fk_products_rams` FOREIGN KEY (`ram_id`) REFERENCES `rams` (`id`),
  CONSTRAINT `fk_products_screens` FOREIGN KEY (`screen_id`) REFERENCES `screens` (`id`),
  CONSTRAINT `fk_products_ssds` FOREIGN KEY (`ssd_id`) REFERENCES `ssds` (`id`)
) ENGINE=InnoDB AUTO_INCREMENT=7 DEFAULT CHARSET=utf8mb4 COLLATE=utf8mb4_0900_ai_ci;
/*!40101 SET character_set_client = @saved_cs_client */;

--
-- Dumping data for table `products`
--

LOCK TABLES `products` WRITE;
/*!40000 ALTER TABLE `products` DISABLE KEYS */;
INSERT INTO `products` VALUES (1,'lap1','1718087807.lap1.jpg',500,34,1,1,16,14,8,1,'NO des',0,'2024-06-11 06:36:47','2024-06-11 06:36:47'),(2,'lap2','1718087843.lap2.jpg',400,33,3,1,15,9,9,1,'no',0,'2024-06-11 06:37:23','2024-06-11 06:37:23'),(3,'lap3','1718087870.lap3.jpg',600,600,4,3,14,7,7,1,'no',0,'2024-06-11 06:37:50','2024-06-11 06:37:50'),(4,'lap4','1718087899.lap4.jpg',200,27,7,3,16,7,7,1,'asas',0,'2024-06-11 06:38:19','2024-06-11 06:38:19'),(5,'test4','1718090341.lap3.jpg',12222,12,4,3,16,14,11,1,'ds',0,'2024-06-11 07:19:01','2024-06-11 07:19:01'),(6,'test5','1718090373.lap2.jpg',1222,122,5,3,6,14,11,1,'aaa',0,'2024-06-11 07:19:33','2024-06-11 07:19:33');
/*!40000 ALTER TABLE `products` ENABLE KEYS */;
UNLOCK TABLES;

--
-- Table structure for table `rams`
--

DROP TABLE IF EXISTS `rams`;
/*!40101 SET @saved_cs_client     = @@character_set_client */;
/*!50503 SET character_set_client = utf8mb4 */;
CREATE TABLE `rams` (
  `id` int NOT NULL AUTO_INCREMENT,
  `ram_name` varchar(50) DEFAULT NULL,
  `isDeleted` int DEFAULT '0',
  PRIMARY KEY (`id`)
) ENGINE=InnoDB AUTO_INCREMENT=26 DEFAULT CHARSET=utf8mb4 COLLATE=utf8mb4_0900_ai_ci;
/*!40101 SET character_set_client = @saved_cs_client */;

--
-- Dumping data for table `rams`
--

LOCK TABLES `rams` WRITE;
/*!40000 ALTER TABLE `rams` DISABLE KEYS */;
INSERT INTO `rams` VALUES (1,'Corsair Vengeance LPX',0),(2,'Corsair Dominator Platinum RGB',0),(3,'Corsair Vengeance RGB Pro',0),(4,'G.Skill Trident Z RGB',0),(5,'G.Skill Ripjaws V',0),(6,'G.Skill Sniper X',0),(7,'Kingston HyperX Fury',0),(8,'Kingston HyperX Predator',0),(9,'Kingston ValueRAM',0),(10,'Crucial Ballistix',0),(11,'Crucial DDR4',0),(12,'Crucial DDR3',0),(13,'TeamGroup T-Force Delta RGB',0),(14,'TeamGroup T-Force Vulcan',0),(15,'TeamGroup T-Force XTREEM ARGB',0),(16,'Adata XPG Spectrix D60G',0),(17,'Adata XPG Z1',0),(18,'Adata Premier',0),(19,'Patriot Viper Steel',0),(20,'Patriot Viper 4',0),(21,'Patriot Signature Line',0),(22,'HyperX Fury DDR4',0),(23,'HyperX Predator DDR4',0),(24,'HyperX Impact DDR4',0),(25,'16GB Soldered LPDDR5-4800',0);
/*!40000 ALTER TABLE `rams` ENABLE KEYS */;
UNLOCK TABLES;

--
-- Table structure for table `screens`
--

DROP TABLE IF EXISTS `screens`;
/*!40101 SET @saved_cs_client     = @@character_set_client */;
/*!50503 SET character_set_client = utf8mb4 */;
CREATE TABLE `screens` (
  `id` int NOT NULL AUTO_INCREMENT,
  `screen_name` varchar(50) DEFAULT NULL,
  `isDeleted` int DEFAULT '0',
  PRIMARY KEY (`id`)
) ENGINE=InnoDB AUTO_INCREMENT=26 DEFAULT CHARSET=utf8mb4 COLLATE=utf8mb4_0900_ai_ci;
/*!40101 SET character_set_client = @saved_cs_client */;

--
-- Dumping data for table `screens`
--

LOCK TABLES `screens` WRITE;
/*!40000 ALTER TABLE `screens` DISABLE KEYS */;
INSERT INTO `screens` VALUES (1,'Dell UltraSharp U2719D',0),(2,'Dell Alienware AW3420DW',0),(3,'Dell S3221QS',0),(4,'ASUS ROG Swift PG279Q',0),(5,'ASUS TUF Gaming VG27AQ',0),(6,'ASUS ProArt PA329C',0),(7,'Acer Predator XB271HU',0),(8,'Acer Nitro XV273K',0),(9,'Acer R240HY',0),(10,'LG UltraGear 27GL850',0),(11,'LG UltraFine 4K',0),(12,'LG 27UK850-W',0),(13,'Samsung Odyssey G7',0),(14,'Samsung UR55',0),(15,'Samsung Odyssey G9',0),(16,'BenQ EX2780Q',0),(17,'BenQ EW3270U',0),(18,'BenQ ZOWIE XL2546',0),(19,'AOC CQ27G2',0),(20,'AOC 24G2',0),(21,'AOC CU34G2X',0),(22,'ViewSonic Elite XG270QG',0),(23,'ViewSonic VX3276-2K-MHD',0),(24,'ViewSonic VP3268-4K',0),(25,'14\" FHD (1920x1080) IPS 300nits Anti-glare',0);
/*!40000 ALTER TABLE `screens` ENABLE KEYS */;
UNLOCK TABLES;

--
-- Table structure for table `ssds`
--

DROP TABLE IF EXISTS `ssds`;
/*!40101 SET @saved_cs_client     = @@character_set_client */;
/*!50503 SET character_set_client = utf8mb4 */;
CREATE TABLE `ssds` (
  `id` int NOT NULL AUTO_INCREMENT,
  `ssd_name` varchar(50) DEFAULT NULL,
  `isDeleted` int DEFAULT '0',
  PRIMARY KEY (`id`)
) ENGINE=InnoDB AUTO_INCREMENT=30 DEFAULT CHARSET=utf8mb4 COLLATE=utf8mb4_0900_ai_ci;
/*!40101 SET character_set_client = @saved_cs_client */;

--
-- Dumping data for table `ssds`
--

LOCK TABLES `ssds` WRITE;
/*!40000 ALTER TABLE `ssds` DISABLE KEYS */;
INSERT INTO `ssds` VALUES (1,'Samsung 970 EVO',0),(2,'Samsung 970 PRO',0),(3,'Samsung 980 PRO',0),(4,'Samsung 870 EVO',0),(5,'WD Blue SSD',0),(6,'WD Black SN750 NVMe SSD',0),(7,'WD Green SSD',0),(8,'Crucial MX500',0),(9,'Crucial P5',0),(10,'Crucial P2',0),(11,'Kingston A2000 NVMe PCIe SSD',0),(12,'Kingston UV500',0),(13,'Kingston KC2500 NVMe PCIe SSD',0),(14,'SanDisk Ultra 3D SSD',0),(15,'SanDisk Extreme PRO SSD',0),(16,'Seagate FireCuda 510 NVMe SSD',0),(17,'Seagate BarraCuda SSD',0),(18,'Adata XPG SX8200 Pro',0),(19,'Adata XPG SX6000 Pro',0),(20,'Adata SU800',0),(21,'Intel SSD 660p',0),(22,'Intel Optane SSD 905P',0),(29,'512GB SSD M.2 2242 PCIe® 4.0x4 NVMe®',0);
/*!40000 ALTER TABLE `ssds` ENABLE KEYS */;
UNLOCK TABLES;
/*!40103 SET TIME_ZONE=@OLD_TIME_ZONE */;

/*!40101 SET SQL_MODE=@OLD_SQL_MODE */;
/*!40014 SET FOREIGN_KEY_CHECKS=@OLD_FOREIGN_KEY_CHECKS */;
/*!40014 SET UNIQUE_CHECKS=@OLD_UNIQUE_CHECKS */;
/*!40101 SET CHARACTER_SET_CLIENT=@OLD_CHARACTER_SET_CLIENT */;
/*!40101 SET CHARACTER_SET_RESULTS=@OLD_CHARACTER_SET_RESULTS */;
/*!40101 SET COLLATION_CONNECTION=@OLD_COLLATION_CONNECTION */;
/*!40111 SET SQL_NOTES=@OLD_SQL_NOTES */;

-- Dump completed on 2024-09-20  9:27:43
